{
  "casos": {
    "ideal": {
      "A": [
        [
          4,
          1,
          0
        ],
        [
          1,
          3,
          1
        ],
        [
          0,
          1,
          4
        ]
      ],
      "b": [
        15,
        18,
        14
      ],
      "solucion_exacta": [
        2.675,
        4.3,
        2.4250000000000003
      ],
      "metodos": {
        "lu": {
          "iters": "Directo",
          "solucion": [
            2.675,
            4.3,
            2.4250000000000003
          ],
          "error": 0.0,
          "convergio": true
        },
        "jacobi": {
          "iters": 19,
          "solucion": [
            2.6750001066712077,
            4.300000168689351,
            2.4250001066712077
          ],
          "error": 4.030477063888671e-08,
          "historial": [
            0.40617922519896105,
            0.16658404306495078,
            0.06769653753316011,
            0.027764007177491643,
            0.011282756255526657,
            0.004627334529581923,
            0.0018804593759211528,
            0.0007712224215969931,
            0.00031340989598687227,
            0.0001285370702661513,
            5.223498266453348e-05,
            2.1422845044384036e-05,
            8.705830444161309e-06,
            3.5704741740258367e-06,
            1.450971740763923e-06,
            5.950790289863371e-07,
            2.4182862345444035e-07,
            9.91798381905796e-08,
            4.030477063888671e-08
          ],
          "convergio": true
        },
        "gauss_seidel": {
          "iters": 10,
          "solucion": [
            2.6749999330204046,
            4.300000044653063,
            2.424999988836734
          ],
          "error": 1.4474149221806265e-08,
          "historial": [
            0.20852009788031245,
            0.024311012649198698,
            0.004051835441533114,
            0.0006753059069221478,
            0.00011255098448690329,
            1.8758497414460345e-05,
            3.1264162356800166e-06,
            5.21069372626011e-07,
            8.68448954938e-08,
            1.4474149221806265e-08
          ],
          "convergio": true
        },
        "sor": {
          "iters": 12,
          "solucion": [
            2.6749997842595405,
            4.299999697947976,
            2.424999883830761
          ],
          "error": 6.927027935641347e-08,
          "historial": [
            0.4234050882550157,
            0.1592923390813893,
            0.04369785822746999,
            0.007669719555324393,
            0.0008465147824989582,
            0.00026345477607879285,
            0.00011032405601081928,
            4.025203806299134e-05,
            1.0468307592759525e-05,
            1.7142709268174628e-06,
            1.9257294435962236e-07,
            6.927027935641347e-08
          ],
          "convergio": true
        },
        "pcg": {
          "iters": 3,
          "solucion": [
            2.6750000000000003,
            4.3,
            2.4250000000000003
          ],
          "error": 7.909227424481092e-17,
          "historial": [
            0.012993680899831826,
            0.003347734913262596,
            7.909227424481092e-17
          ],
          "convergio": true
        }
      }
    },
    "estres": {
      "A": [
        [
          40,
          10,
          0
        ],
        [
          10,
          35,
          10
        ],
        [
          0,
          10,
          40
        ]
      ],
      "b": [
        150,
        200,
        140
      ],
      "solucion_exacta": [
        2.6875,
        4.25,
        2.4375
      ],
      "metodos": {
        "lu": {
          "iters": "Directo",
          "solucion": [
            2.6875,
            4.25,
            2.4375
          ],
          "error": 0.0,
          "convergio": true
        },
        "jacobi": {
          "iters": 17,
          "solucion": [
            2.6875001843081834,
            4.250000254004556,
            2.4375001843081834
          ],
          "error": 6.512922415715448e-08,
          "historial": [
            0.3754570160166358,
            0.14278564278116393,
            0.05363671657380507,
            0.020397948968737627,
            0.00766238808197211,
            0.00291399270981974,
            0.0010946268688532075,
            0.00041628467283140154,
            0.00015637526697902525,
            5.9469238975983624e-05,
            2.233932385418531e-05,
            8.495605568022054e-06,
            3.1913319792830605e-06,
            1.2136579383442547e-06,
            4.5590456843451266e-07,
            1.7337970546047307e-07,
            6.512922415715448e-08
          ],
          "convergio": true
        },
        "gauss_seidel": {
          "iters": 9,
          "solucion": [
            2.687499880741764,
            4.250000068147564,
            2.437499982963109
          ],
          "error": 2.47685293700442e-08,
          "historial": [
            0.2034785040386237,
            0.020397948968737745,
            0.002913992709819717,
            0.00041628467283145944,
            5.94692389759116e-05,
            8.49560556803628e-06,
            1.2136579382322041e-06,
            1.7337970539466558e-07,
            2.47685293700442e-08
          ],
          "convergio": true
        },
        "sor": {
          "iters": 13,
          "solucion": [
            2.687500052719187,
            4.2500000718794375,
            2.4375000304817815
          ],
          "error": 1.6858722631908045e-08,
          "historial": [
            0.4211119470660787,
            0.15827549156453435,
            0.04482012400097604,
            0.008806015073659397,
            0.0011191462269684598,
            0.0002017264086035502,
            8.45112348781053e-05,
            3.391564053328509e-05,
            1.0853345512147936e-05,
            2.4743427840606064e-06,
            3.727894689917254e-07,
            4.626799834870394e-08,
            1.6858722631908045e-08
          ],
          "convergio": true
        },
        "pcg": {
          "iters": 3,
          "solucion": [
            2.6875000000000004,
            4.25,
            2.4375000000000004
          ],
          "error": 1.1238882470902432e-16,
          "historial": [
            0.026678856086855173,
            0.004772018047025105,
            1.1238882470902432e-16
          ],
          "convergio": true
        }
      }
    },
    "mal_condicionado": {
      "A": [
        [
          4.0,
          1.0,
          1.0
        ],
        [
          1.0,
          4.0,
          1.001
        ],
        [
          1.0,
          1.001,
          4.0
        ]
      ],
      "b": [
        10,
        10,
        10
      ],
      "solucion_exacta": [
        1.6668518107087316,
        1.6662963785825373,
        1.6662963785825373
      ],
      "metodos": {
        "lu": {
          "iters": "Directo",
          "solucion": [
            1.6668518107087316,
            1.6662963785825373,
            1.6662963785825373
          ],
          "error": 0.0,
          "convergio": true
        },
        "jacobi": {
          "iters": 23,
          "solucion": [
            1.666852010853147,
            1.6662965787936752,
            1.6662965787936752
          ],
          "error": 1.2012668269711194e-07,